<?xml version="1.0" encoding="UTF-8"?>
<team_details>
  <member>
    <name>Paritosh Dhotre</name>
    <designation>Actuary</designation>
    </member>
  <member>
    
    <name>Harsh Jain</name>
   <designation>Claims Adjuster</designation>
    
  </member>
 
  <member>
        <name>Anurag Kothari</name>
      <designation>INSURANCE SALES AGENT</designation>
  </member>
 
 <member>
    <name>Siddhesh Pawar</name>
  
    <designation>INSURANCE INVESTIGATOR</designation>
    
  </member>
  
</team_details>